['612ecd8c77a0e1107eeaa436','612ecd8c77a0e1107eea9443','612ecd8c77a0e1107eea9821']
['612ecd8c77a0e1107eea9913']
['612ecd8c77a0e1107eea9c53','612ecd8c77a0e1107eea960b']
['612ecd8c77a0e1107eea946b','612ecd8c77a0e1107eea958e','612ecd8c77a0e1107eea9ba5','612ecd8c77a0e1107eea9910']
['612ecd8c77a0e1107eeaa34c','612ecd8c77a0e1107eea97a3','612ecd8c77a0e1107eea9900','612ecd8c77a0e1107eea94c0']
['612ecd8c77a0e1107eea9e2a','612ecd8c77a0e1107eea9b2d','612ecd8c77a0e1107eea9b65']
['612ecd8c77a0e1107eea9b62','612ecd8c77a0e1107eea90ca','612ecd8c77a0e1107eea94b3']
['612ecd8c77a0e1107eea9185','612ecd8c77a0e1107eea9660','612ecd8c77a0e1107eea94ab','612ecd8c77a0e1107eeaa15e','612ecd8c77a0e1107eea9361']
['612ecd8c77a0e1107eea9afa','612ecd8c77a0e1107eea96bb','612ecd8c77a0e1107eeaa1c3','612ecd8c77a0e1107eea9907','612ecd8c77a0e1107eea9c3c']
['612ecd8c77a0e1107eea95f3']
['612ecd8c77a0e1107eea9c79','612ecd8c77a0e1107eea913c','612ecd8c77a0e1107eea9ec2']
['612ecd8c77a0e1107eea99ed','612ecd8c77a0e1107eea9478']
['612ecd8c77a0e1107eea9e2d']
['612ecd8c77a0e1107eea912a','612ecd8c77a0e1107eeaa051']
['612ecd8c77a0e1107eea97d0','612ecd8c77a0e1107eea9875']
['612ecd8c77a0e1107eea9571','612ecd8c77a0e1107eea9ad7','612ecd8c77a0e1107eea9f5b','612ecd8c77a0e1107eea90de']
['612ecd8c77a0e1107eeaa363','612ecd8c77a0e1107eea95ed','612ecd8c77a0e1107eeaa0a7','612ecd8c77a0e1107eeaa189','612ecd8c77a0e1107eea92cb']
['612ecd8c77a0e1107eea971f','612ecd8c77a0e1107eea95cf','612ecd8c77a0e1107eeaa01b']
['612ecd8c77a0e1107eea90e7','612ecd8c77a0e1107eeaa368','612ecd8c77a0e1107eea95c4','612ecd8c77a0e1107eeaa12f']
['612ecd8c77a0e1107eea98a0','612ecd8c77a0e1107eea9176','612ecd8c77a0e1107eea9664']
