"['612ecd8c77a0e1107eea97d0','612ecd8c77a0e1107eeaa212','612ecd8c77a0e1107eeaa2c5','612ecd8c77a0e1107eea9e14']"
"['612ecd8c77a0e1107eea9638','612ecd8c77a0e1107eea97ac','612ecd8c77a0e1107eea9e25']"
"['612ecd8c77a0e1107eeaa231','612ecd8c77a0e1107eea9ac3']"
"['612ecd8c77a0e1107eea9767','612ecd8c77a0e1107eea98a8','612ecd8c77a0e1107eea94dc','612ecd8c77a0e1107eea9763']"
"['612ecd8c77a0e1107eea9ca4','612ecd8c77a0e1107eeaa04f','612ecd8c77a0e1107eea910f','612ecd8c77a0e1107eea9752']"
"['612ecd8c77a0e1107eeaa283','612ecd8c77a0e1107eeaa3f0','612ecd8c77a0e1107eea9627','612ecd8c77a0e1107eea918e','612ecd8c77a0e1107eea9856']"
"['612ecd8c77a0e1107eea9def','612ecd8c77a0e1107eea9483','612ecd8c77a0e1107eea9a33','612ecd8c77a0e1107eea96ca']"
"['612ecd8c77a0e1107eea9154','612ecd8c77a0e1107eea94a9','612ecd8c77a0e1107eeaa100','612ecd8c77a0e1107eea9a85']"
"['612ecd8c77a0e1107eeaa270','612ecd8c77a0e1107eea9dfc','612ecd8c77a0e1107eeaa0ce']"
"['612ecd8c77a0e1107eea94e4','612ecd8c77a0e1107eea92f2','612ecd8c77a0e1107eea9258','612ecd8c77a0e1107eeaa2af']"
"['612ecd8c77a0e1107eeaa13d','612ecd8c77a0e1107eea9af0','612ecd8c77a0e1107eea9345']"
"['612ecd8c77a0e1107eea90d6','612ecd8c77a0e1107eea9c95','612ecd8c77a0e1107eea9efd']"
"['612ecd8c77a0e1107eea9eac','612ecd8c77a0e1107eea973e']"
"['612ecd8c77a0e1107eea93fe','612ecd8c77a0e1107eea9abb','612ecd8c77a0e1107eea9121','612ecd8c77a0e1107eea9acd']"
"['612ecd8c77a0e1107eea9316','612ecd8c77a0e1107eeaa38e','612ecd8c77a0e1107eeaa38c','612ecd8c77a0e1107eea9cf5']"
"['612ecd8c77a0e1107eea9b01','612ecd8c77a0e1107eea9c50','612ecd8c77a0e1107eea94cd','612ecd8c77a0e1107eea9867','612ecd8c77a0e1107eea9dd6']"
"['612ecd8c77a0e1107eea9875','612ecd8c77a0e1107eea93b5','612ecd8c77a0e1107eeaa279','612ecd8c77a0e1107eea90c3']"
"['612ecd8c77a0e1107eea9e1e','612ecd8c77a0e1107eeaa217']"
"['612ecd8c77a0e1107eea993e','612ecd8c77a0e1107eea9e78','612ecd8c77a0e1107eea9ff1','612ecd8c77a0e1107eea9cae']"
"['612ecd8c77a0e1107eea97da','612ecd8c77a0e1107eeaa1ed','612ecd8c77a0e1107eea9bee','612ecd8c77a0e1107eeaa067']"
